[{"p1":{"x":0,"y":0,"z":0},"p2":{"x":1,"y":1,"z":1},"type":"Connection","doOverCost":false,"overCost":0,"oneWay":false,"enable":true,"width":0,"doOverWalkable":true,"doOverCost":false,"overPenalty":0},{"p1":{"x":935.470032,"y":22.3650017,"z":1003.71307},"p2":{"x":923.694763,"y":22.301,"z":1013.71307},"type":"Connection","doOverCost":false,"overCost":0,"oneWay":false,"enable":true,"width":0,"doOverWalkable":true,"doOverCost":false,"overPenalty":0},{"p1":{"x":940.470032,"y":22.460001,"z":1023.71307},"p2":{"x":925.575745,"y":-1,"z":1020.62024},"type":"Connection","doOverCost":false,"overCost":0,"oneWay":false,"enable":true,"width":0,"doOverWalkable":true,"doOverCost":false,"overPenalty":0},{"p1":{"x":965.470032,"y":22.485,"z":1053.713},"p2":{"x":955.470032,"y":22.604002,"z":1033.713},"type":"Connection","doOverCost":false,"overCost":0,"oneWay":false,"enable":true,"width":0,"doOverWalkable":true,"doOverCost":false,"overPenalty":0},{"p1":{"x":995.8547,"y":0,"z":1113.37207},"p2":{"x":984.2924,"y":1,"z":1087.74036},"type":"Connection","doOverCost":false,"overCost":0,"oneWay":false,"enable":true,"width":0,"doOverWalkable":true,"doOverCost":false,"overPenalty":0},{"p1":{"x":992.0824,"y":0,"z":1114.30286},"p2":{"x":981.227539,"y":1,"z":1087.868},"type":"Connection","doOverCost":false,"overCost":0,"oneWay":false,"enable":true,"width":0,"doOverWalkable":true,"doOverCost":false,"overPenalty":0},{"p1":{"x":995.470032,"y":22.228,"z":1163.713},"p2":{"x":990.470032,"y":22.808,"z":1178.713},"type":"Connection","doOverCost":false,"overCost":0,"oneWay":false,"enable":true,"width":0,"doOverWalkable":true,"doOverCost":false,"overPenalty":0},{"p1":{"x":1010.47003,"y":22.4210014,"z":1158.713},"p2":{"x":1020.47003,"y":22.4450016,"z":1178.713},"type":"Connection","doOverCost":false,"overCost":0,"oneWay":false,"enable":true,"width":0,"doOverWalkable":true,"doOverCost":false,"overPenalty":0},{"p1":{"x":1024.01428,"y":0,"z":1177.45374},"p2":{"x":1014.93042,"y":1,"z":1157.368},"type":"Connection","doOverCost":false,"overCost":0,"oneWay":false,"enable":true,"width":0,"doOverWalkable":true,"doOverCost":false,"overPenalty":0},{"p1":{"x":936.1019,"y":0,"z":1161.30444},"p2":{"x":923.788147,"y":1,"z":1166.14917},"type":"Connection","doOverCost":false,"overCost":0,"oneWay":false,"enable":true,"width":0,"doOverWalkable":true,"doOverCost":false,"overPenalty":0},{"p1":{"x":1025.62915,"y":0,"z":1127.45361},"p2":{"x":1056.21179,"y":1,"z":1116.04834},"type":"Connection","doOverCost":false,"overCost":0,"oneWay":false,"enable":true,"width":0,"doOverWalkable":true,"doOverCost":false,"overPenalty":0},{"p1":{"x":1072.563,"y":0,"z":1136.7395},"p2":{"x":1065.29578,"y":1,"z":1119.11462},"type":"Connection","doOverCost":false,"overCost":0,"oneWay":false,"enable":true,"width":0,"doOverWalkable":true,"doOverCost":false,"overPenalty":0},{"p1":{"x":1092.085,"y":22.371,"z":1172.60278},"p2":{"x":1110.67188,"y":22.4170017,"z":1180.68494},"type":"Connection","doOverCost":false,"overCost":0,"oneWay":false,"enable":true,"width":0,"doOverWalkable":true,"doOverCost":false,"overPenalty":0},{"p1":{"x":1084.30969,"y":22.4450016,"z":1164.97852},"p2":{"x":1077.85413,"y":22.5590019,"z":1149.06238},"type":"Connection","doOverCost":false,"overCost":0,"oneWay":false,"enable":true,"width":0,"doOverWalkable":true,"doOverCost":false,"overPenalty":0},{"p1":{"x":894.2529,"y":23.4350014,"z":1016.49738},"p2":{"x":909.6547,"y":23.4350014,"z":1019.46967},"type":"Connection","doOverCost":false,"overCost":0,"oneWay":false,"enable":true,"width":0,"doOverWalkable":true,"doOverCost":false,"overPenalty":0}]