{"guid":{"value":"97dc719fc78a7714-03598266cc343c9e"},"aspectRatio":1,"rotation":{"x":0,"y":0,"z":0},"center":{"x":997.9702,"y":21,"z":1006.21313},"unclampedSize":{"x":2000,"y":2000},"nodeSize":2,"collision":{"type":"Capsule","diameter":2,"height":12,"collisionOffset":0,"rayDirection":"Both","mask":{"value":0},"heightMask":{"value":-1},"fromHeight":100,"thickRaycast":false,"thickRaycastDiameter":1,"up":{"x":0,"y":1,"z":0},"collisionCheck":true,"heightCheck":true,"unwalkableWhenNoGround":true},"maxClimb":5,"maxClimbAxis":1,"maxSlope":30,"erodeIterations":0,"erosionUseTags":false,"erosionFirstTag":1,"autoLinkGrids":false,"autoLinkDistLimit":10,"neighbours":"Eight","cutCorners":true,"penaltyPositionOffset":0,"penaltyPosition":false,"penaltyPositionFactor":1,"penaltyAngle":true,"penaltyAngleFactor":100,"initialPenalty":0,"open":true,"name":"Grid Graph","drawGizmos":true,"infoScreenOpen":false}